<?xml version="1.0"?>
<!--
/**
 * @category   CP
 * @package    CP_Customorder
 * @author     shailesh.makwana990@gmail.com
 * @copyright  This file was generated by using Module Creator(http://code.vky.co.in/magento-2-module-creator/) provided by VKY <viky.031290@gmail.com>
 * @license    http://opensource.org/licenses/osl-3.0.php  Open Software License (OSL 3.0)
 */
 -->
<config xmlns:xsi="http://www.w3.org/2001/XMLSchema-instance" xsi:noNamespaceSchemaLocation="urn:magento:framework:ObjectManager/etc/config.xsd">
	<virtualType name="CPCustomorderGridFilterPool" type="Magento\Framework\View\Element\UiComponent\DataProvider\FilterPool">
		<arguments>
			<argument name="appliers" xsi:type="array">
				<item name="regular" xsi:type="object">Magento\Framework\View\Element\UiComponent\DataProvider\RegularFilter</item>
				<item name="fulltext" xsi:type="object">Magento\Framework\View\Element\UiComponent\DataProvider\FulltextFilter</item>
			</argument>
		</arguments>
	</virtualType>
	<virtualType name="CPCustomorderGridDataProvider" type="Magento\Framework\View\Element\UiComponent\DataProvider\DataProvider">
		<arguments>
			<argument name="collection" xsi:type="object" shared="false">CP\Customorder\Model\ResourceModel\Customorder\Collection</argument>
			<argument name="filterPool" xsi:type="object" shared="false">CPCustomorderGridFilterPool</argument>
		</arguments>
	</virtualType>
	<virtualType name="CP\Customorder\Model\ResourceModel\Customorder\Grid\Collection" type="Magento\Framework\View\Element\UiComponent\DataProvider\SearchResult">
		<arguments>
			<argument name="mainTable" xsi:type="string">cp_customorder</argument>
			<argument name="resourceModel" xsi:type="string">CP\Customorder\Model\ResourceModel\Customorder</argument>
		</arguments>
	</virtualType>
	<type name="Magento\Framework\View\Element\UiComponent\DataProvider\CollectionFactory">
		<arguments>
			<argument name="collections" xsi:type="array">
				<item name="cp_customorder_index_listing_data_source" xsi:type="string">CP\Customorder\Model\ResourceModel\Customorder\Grid\Collection</item>
			</argument>
		</arguments>
	</type>
</config>